Workbook

Sheet Item Master
C3: Sr.No | D3: Item Name | E3: Item Code | F3: Category | G3: Sub-Category | H3: Type | I3: Selling Price | J3: Edit | K3: Image
C5: 1 | D5: Soda Glass | E5: GL-001 | F5: Glass | G5: Steel | H5: Kitchen Item | I5: 100
C7: 2 | D7: Cup | E7: Cu-001 | F7: Cup | G7: Plastic | H7: Show Piece | I7: 40
C9: 3 | D9: Bowl | E9: Bw-001 | F9: Bowl | G9: Glass | H9: Kitchen Item | I9: 110
C11: 4 | D11: Plate | E11: Pl-001 | F11: Plate | G11: Plastic | H11: Kitchen Item | I11: 60
C13: 5 | D13: Plate | E13: Pl-002 | F13: Plate | G13: Steel | H13: Kitchen Item | I13: 90
C15: 6 | D15: Plate | E15: Pl-003 | F15: Plate | G15: Glass | H15: Kitchen Item | I15: 120

Sheet Customer Master
D4: Customer Name | E4: Category
C6: 1 | D6: X
C7: 2 | D7: Y
C8: 3 | D8: Z

Sheet Supplier
E4: Supplier Name
D6: 1 | E6: A
D7: 2 | E7: B
D8: 3 | E8: C

Sheet Stock Management
E3: Item Name | F3: Item Code | G3: Category | H3: Sub-Category | I3: Type
G8: In | K8: Out | O8: Balance
E9: Item Name | F9: Item Code | G9: Cartoon | H9: Quantity | I9: Weight | J9: Amount | K9: Cartoon | L9: Quantity | M9: Weight | N9: Amount | O9: Cartoon | P9: Quantity | Q9: Weight | R9: Amount
E11: =Purchase!G9 -> Cup | F11: ='Item Master'!E7 -> Cu-001 | G11: =Purchase!J9 -> 4 | H11: =Purchase!K9 -> 400 | I11: =Purchase!L9 -> 100 | J11: =Purchase!N9 -> 12000 | K11: =Sell!H9 -> 2 | L11: =Sell!I9 -> 200 | M11: =Sell!J9 -> 50 | N11: =Sell!M9 -> 8000 | O11: =G11-K11 -> 2 | P11: =H11-L11 -> 200 | Q11: =I11-M11 -> 50
E12: =Purchase!G10 -> Bowl | F12: ='Item Master'!E9 -> Bw-001 | G12: =Purchase!J10 -> 2 | H12: =Purchase!K10 -> 200 | I12: =Purchase!L10 -> 50 | J12: =Purchase!N10 -> 16000 | K12: =Sell!H10 -> 1 | L12: =Sell!I10 -> 100 | M12: =Sell!J10 -> 25 | N12: =Sell!M10 -> 11000 | O12: =G12-K12 -> 1 | P12: =H12-L12 -> 100 | Q12: =I12-M12 -> 25
E13: =Purchase!G11 -> Plate | F13: ='Item Master'!E11 -> Pl-001 | G13: =Purchase!J11 -> 1 | H13: =Purchase!K11 -> 100 | I13: =Purchase!L11 -> 10 | J13: =Purchase!N11 -> 2000 | K13: =Sell!H11 -> 1 | L13: =Sell!I11 -> 100 | M13: =Sell!J11 -> 10 | N13: =Sell!M11 -> 6000 | O13: =G13-K13 -> 0 | P13: =H13-L13 -> 0 | Q13: =I13-M13 -> 0

Sheet Purchase
G2: Date | H2: Supplier Name
G4: 13.08.2026 | H4: A
G7: Item Name | H7: Item Code | I7: Description | J7: Cartoon | K7: Quantity | L7: Weight in KG | M7: Rate | N7: Amount
G9: Cup | H9: ='Item Master'!E7 -> Cu-001 | J9: 4 | K9: 400 | L9: 100 | M9: 30 | N9: =M9*K9 -> 12000 | O9: Generate Bar Code for Indivisual Item
G10: Bowl | H10: ='Item Master'!E9 -> Bw-001 | J10: 2 | K10: 200 | L10: 50 | M10: 80 | N10: =M10*K10 -> 16000 | O10: Generate Bar Code for Indivisual Item
G11: Plate | H11: ='Item Master'!E11 -> Pl-001 | J11: 1 | K11: 100 | L11: 10 | M11: 20 | N11: =M11*K11 -> 2000 | O11: Generate Bar Code for Indivisual Item
N12: =M12*K12 -> 0
N13: =M13*K13 -> 0
N14: =M14*K14 -> 0
G15: Total | J15: =SUM(J9:J14) -> 7 | K15: =SUM(K9:K14) -> 700 | L15: =SUM(L9:L14) -> 160 | N15: =SUM(N9:N14) -> 30000

Sheet Sell
E2: Date | F2: Customer Name
E4: 13.08.2026 | F4: X
E7: Item Name | F7: Item Code | G7: Description | H7: Cartoon | I7: Quantity | J7: Weight in KG | K7: Rate | L7: Actual Rate | M7: Amount
E9: Cup | F9: ='Item Master'!E7 -> Cu-001 | H9: 2 | I9: 200 | J9: 50 | K9: ='Item Master'!I7 -> 40 | L9: =K9 -> 40 | M9: =K9*I9 -> 8000
E10: Bowl | F10: ='Item Master'!E9 -> Bw-001 | H10: 1 | I10: 100 | J10: 25 | K10: ='Item Master'!I9 -> 110 | L10: =K10 -> 110 | M10: =K10*I10 -> 11000
E11: Plate | F11: ='Item Master'!E11 -> Pl-001 | H11: 1 | I11: 100 | J11: 10 | K11: ='Item Master'!I11 -> 60 | L11: =K11 -> 60 | M11: =K11*I11 -> 6000
M12: =K12*I12 -> 0
M13: =K13*I13 -> 0
M14: =K14*I14 -> 0
E15: Total | H15: =SUM(H9:H14) -> 4 | I15: =SUM(I9:I14) -> 400 | J15: =SUM(J9:J14) -> 85 | M15: =SUM(M9:M14) -> 25000

Sheet Customer and Supplier 
D2: Customer
D3: Customer Name | E3: Amount
D4: =Sell!F4 -> X | E4: =Sell!M15 -> 25000
D17: Supplier Name
D18: Supplier | E18: Amount
D19: =Purchase!H4 -> A | E19: =Purchase!N15 -> 30000
